{
  "project_info": {
    "project_number": "3413302265",
    "project_id": "attendance-tracker-e5bcb",
    "storage_bucket": "attendance-tracker-e5bcb.firebasestorage.app"
  },
  "client": [
    {
      "client_info": {
        "mobilesdk_app_id": "1:3413302265:android:00195edb99846b5dbbfb28",
        "android_client_info": {
          "package_name": "com.example.attendease"
        }
      },
      "oauth_client": [],
      "api_key": [
        {
          "current_key": "AIzaSyAqDt22zjpReHplti5jkxmVcC8DTXskcfg"
        }
      ],
      "services": {
        "appinvite_service": {
          "other_platform_oauth_client": []
        }
      }
    }
  ],
  "configuration_version": "1"
}